document_id,summary,method,compression_ratio,sentence_count,word_count
670455a18706,"The Ancient
and Classical Period, stretching from the first millennium BCE to the 7th cen-
tury CE, witnessed the rise and transformation of two foundational civilizations:
the Kingdom of Dʿmt and the mighty Kingdom of Aksum. These polities estab-
lished the core cultural, religious, and political structures that would define the Ethiopian state for the next two thousand years, laying the groundwork for its
unique identity as a Christian empire in Africa.
 Flourishing
from approximately the 10th...",textrank,0.1282051282051282,10,246
d3eb1393655c,"-- Page 1 --
The Military Socialist Regime: The Derg
and the Ethiopian Revolution (1974-
1991)
Introduction: The End of Empire and the Dawn of Revolution
The Derg (Amharic for ""committee"" or ""council"") was the military junta that ruled
Ethiopia from 1974 to 1991. The Derg, officially the Provisional Military Administrative
Council (PMAC), dismantled the ancient monarchy, abolished the aristocracy, and
declared Ethiopia a socialist state aligned with the Soviet bloc. The Red Terror and Political ...",textrank,0.14285714285714285,10,255
031b1c80c392,"-- Page 1 --
The
Age
of Transformation:
Early
Modern
Ethiopia and the Gondarine Period
Introduction: Challenges to the Solomonic State
The period from the 15th to the mid-19th century in Ethiopian history is marked
by profound internal and external challenges that ultimately led to a dramatic
restructuring of the Solomonic Empire. Beginning with the consolidation ef-
forts of Emperor Zara Yaqob, the era saw the near-collapse of the Christian
kingdom due to the Adal-Ethiopian War, a brief but int...",textrank,0.14925373134328357,10,317
d062e3b9d79d,"-- Page 1 --
The Federal Democratic Republic: The
EPRDF Era (1991-20180036_DATE__-2018)
Introduction: From Civil War to Ethnic Federalism
The Ethiopian People's Revolutionary Democratic Front (EPRDF) era began in May
1991 when the coalition of rebel forces, led by the Tigray People's Liberation Front
(TPLF), successfully overthrew the military dictatorship of the Derg. While this resolved a major
military issue, it left Ethiopia landlocked and created a new, complex relationship with
its former ...",textrank,0.14705882352941177,10,263
f88585105666,"• Government: Monarchy with strong links to South Arabia (Sabaeans).
• Culture: First king involved in South Arabian affairs.
- Endybis: First to mint coins.
- Ezana:
Converted to Christianity (mid-4th century), conquered
Kush, and expanded the empire.
- Kaleb: Invaded Himyar (Yemen) to protect Christians.
 • Monuments:
- Stelae (Obelisks): Massive monolithic granite towers (e.g., Great
Stele, Ezana Stele, Rome Stele).
- Palaces: Ta'akha Maryam, Dungur (Palace of the Queen of Sheba).
- Tombs: To...",textrank,0.2727272727272727,3,129
1b532b8b25d6,"Early Modern & Gondarine
Period
Early Modern Period (15th-17th Century)
• Key Rulers:
- Zara Yaqob (1434-14680012_DATE__-1468): Centralized authority, reformed the
church, and promoted education.
 Gondarine Period (1632-17690005_DATE__-1769)
• Overview: A period of stability and cultural flourishing centered in the
new capital, Gondar.
• Key Rulers:
- Fasilides: Founded Gondar, built the Fasil Ghebbi, and restored
Orthodoxy.
 I (The Great): Peak of Gondarine power, known for his
administrative r...",textrank,0.3333333333333333,3,224
53d3c1ea4899,"-- Page 1 --
Research Findings: Medieval Period (Zagwe and Solomonic Dynasties)
Zagwe Dynasty (__ENTITY_0008_ROMAN_NUMERAL_c. 1137TITY_0006_DATE__0005_DATE__-1270)
• Overview: An Agaw monarchy that ruled from Roha (Lalibela). They
are credited with a religious and architectural renaissance.
• Key Rulers:
- King Lalibela: The most famous Zagwe ruler, credited with build-
ing the rock-hewn churches.
- King Gebre Meskel Lalibela: Often associated with the peak of Zagwe power.
 - Yemrehana Krestos C...",textrank,0.25,4,107
b1f3af4a4305,"-- Page 1 --
Research Findings:
Modern Ethiopia (1855-
1974)
Unification and Modernization (1855-18890033_DATE__-1889)
• Emperor Tewodros II (1855-18680029_DATE__-1868):
- Overview: Ended the Era of Princes, reunified Ethiopia, and initi-
ated modernization.
 Emperor Yohannes IV (1872-18890025_DATE__-1889):
- Overview: Defended Ethiopia against Egyptian, Mahdist, and Ital-
ian threats.
- Monuments: Yohannes IV Palace in Mekelle.
- Government: Decentralized but unified under his suzerainty; em-
p...",textrank,0.2857142857142857,4,153
175c7fd9abeb,"-- Page 1 --
The Imperial Zenith and Collapse: The
Era of Emperor Haile Selassie I (1930-
1974)
Introduction: The Last Solomonic Emperor
The reign of Emperor Haile Selassie I, born Lij Tafari Makonnen, spanned nearly half a
century and represents the final, most consequential chapter of the Solomonic
Dynasty. He sought to transform an ancient, feudal empire into a modern, centralized state,
successfully defending its sovereignty against European aggression and establishing
Ethiopia as a key play...",textrank,0.12195121951219512,10,245
c7541cbc47ce,"-- Page 1 --
The Medieval Ethiopian Empire:
From Zagwe
Renaissance to Solomonic Restoration
Introduction: The Christian Kingdom in Isolation
The Medieval Period in Ethiopian history, spanning from the 12th to the 16th
centuries, represents a crucial era of cultural consolidation, religious fervor, and
political transformation.
 1137TITY_0045_DATE__0044_DATE__-1270), known for its architectural and religious renaissance, and
the Solomonic Dynasty (1270-19740041_DATE__-1974), which restored the an...",textrank,0.13513513513513514,10,277
01d36482cbe7,"-- Page 1 --
The Making of Modern Ethiopia: From Unifica-
tion to the End of Empire (1855-19740078_DATE__-1974)
Introduction: The Dawn of a New Era
The history of Modern Ethiopia begins in 1855 with the coronation of Emperor
Tewodros II, marking the end of the Zemene Mesafint (Era of Princes) and
the start of a concerted effort to reunify and modernize the fractured empire.
 This period, spanning over a century, is characterized by a series of dynamic and
ambitious emperors who successfully defe...",textrank,0.15384615384615385,10,267
644d813d4e62,"-- Page 1 --
The Contemporary State: The Prosperity
Party Period (2019-Present)
Introduction: A New Era of Reform and Conflict
The Prosperity Party (PP) period, beginning with the election of Dr. Abiy Ahmed as
Prime Minister in 2018 and the party's formal establishment in 2019, marks the most
recent and arguably most volatile chapter in modern Ethiopian history. Abiy's government launched ambitious
political and economic reforms aimed at national unity and liberalization, but this
transition has...",textrank,0.14925373134328357,10,302
